latitude,longitude,cluster_id,price_spread
37.99527,23.76651,0,1.0499999999999972
37.97065,23.72931,19,-9.899999999999977
37.97506,23.73068,21,2.8000000000000114
37.97538,23.73264,21,6.300000000000011
37.96615,23.73463,9,1.1999999999999886
37.96688,23.75001,3,29.5
37.97587,23.73311,21,-1.3499999999999943
37.9793,23.73782,12,5.199999999999989
37.97708,23.74285,10,2.5999999999999943
37.96487,23.71852,19,40.85000000000002
37.9758,23.71656,5,-17.599999999999994
37.99923,23.7189,-1,-3.5999999999999943
37.97312,23.74912,3,-6.099999999999994
37.96538,23.74292,3,31.149999999999977
37.99268,23.72619,16,-4.150000000000006
37.97472,23.73228,21,-0.25
37.97739,23.7255,21,10.800000000000011
37.97683,23.72293,21,-13.849999999999994
37.97464,23.74885,3,-7.25
37.98119,23.75973,0,-8.900000000000006
37.95553,23.7164,-1,-13.25
37.97857,23.73031,21,-0.29999999999999716
37.98505,23.75485,-1,-4.400000000000006
37.96397,23.71912,19,25.099999999999994
37.97992,23.72914,21,-3.0
37.98262,23.71893,20,-9.400000000000006
38.00366,23.72886,6,-21.849999999999994
37.98131,23.71987,20,-9.049999999999997
37.98633,23.71871,11,-2.799999999999997
37.98729,23.71923,11,1.5499999999999972
38.00282,23.73032,6,-10.400000000000006
37.99824,23.77067,-1,20.75
37.97694,23.72984,21,2.8000000000000114
37.9836659,23.7608038,0,-0.05000000000001137
37.96726,23.73935,-1,3.549999999999997
37.96671,23.73459,9,0.15000000000000568
37.97855,23.72352,21,1.5
37.99866,23.72045,-1,-7.099999999999994
37.97486,23.72639,21,-1.2000000000000028
37.97777938842773,23.73192024230957,21,-4.400000000000006
37.973023,23.7194696,5,15.150000000000006
37.96151,23.74315,-1,10.5
37.96342,23.72027,19,3.8499999999999943
37.96408081054688,23.71773338317871,19,65.19999999999999
37.97873,23.70794,-1,7.5
37.98404,23.7233,20,-30.150000000000006
37.97686,23.72573,21,1.3499999999999943
37.97148,23.73204,19,12.5
37.98315,23.71739,18,-32.55000000000001
37.9673154,23.7262569,19,2.5500000000000114
37.96622,23.7318,19,-29.80000000000001
37.96397,23.71963,19,1.5500000000000114
37.96276,23.72078,19,3.4499999999999886
37.96674,23.73673,9,-3.8000000000000114
37.97061,23.71028,4,-2.549999999999997
37.96597,23.74498,3,8.849999999999994
37.96653,23.75432,3,4.949999999999989
37.97921,23.74429,10,2.4000000000000057
37.99887,23.73926,-1,-3.3500000000000014
37.97508,23.71642,5,-17.25
37.98632,23.73165,13,-7.400000000000006
37.97733,23.75653,1,0.8500000000000227
37.9613,23.73097,-1,-10.099999999999994
37.97952,23.71003,-1,8.649999999999977
37.97408,23.73294,21,0.8000000000000114
37.99632,23.73295,17,-27.69999999999999
37.99833,23.73512,6,-2.25
37.955841064453125,23.720029830932617,-1,-2.5
37.96708,23.75116,3,-4.099999999999994
37.97916,23.72477,21,1.3499999999999943
37.98998,23.73564,7,-0.3499999999999943
37.96982,23.74502,3,-0.3499999999999943
37.9942,23.76685,0,-1.25
37.96440887451172,23.71636962890625,-1,72.69999999999999
37.97355,23.71488,5,-11.0
37.9773,23.72542,21,0.44999999999998863
37.96377,23.71753,19,23.30000000000001
37.96455,23.72481,19,5.849999999999994
37.97619,23.73023,21,2.9499999999999886
37.96419,23.7255,19,8.050000000000011
37.95204,23.72404,-1,-5.100000000000023
37.99943,23.72058,-1,5.949999999999989
37.97345,23.71279,5,-6.949999999999989
37.96817,23.74492,3,-0.30000000000001137
37.98069,23.7369,12,13.75
37.99324,23.76516,0,-0.05000000000001137
37.99215,23.74881,-1,-0.9000000000000057
37.98313,23.73512,12,-18.950000000000003
37.9914,23.73284,7,15.949999999999989
37.96322,23.74079,3,16.399999999999977
37.97036,23.74749,3,-1.5500000000000114
37.97553,23.72849,21,3.1999999999999886
37.96133,23.73756,-1,2.5
37.96238,23.7181,-1,60.10000000000002
37.97837,23.74022,12,5.850000000000023
37.98798,23.73531,7,0.5999999999999943
37.97571,23.71633,5,-25.94999999999999
37.97148,23.73022,19,11.699999999999989
37.97706,23.7337,-1,10.550000000000011
37.99648,23.72735,16,1.6500000000000057
37.97965,23.73808,12,1.4499999999999886
37.97909,23.7359,12,-1.8999999999999773
37.97956466674805,23.72671890258789,21,17.55000000000001
37.96338,23.74079,3,17.75
37.9743,23.74885,3,-0.6999999999999886
38.01594,23.7236,-1,0.6000000000000014
37.961,23.72381,-1,-14.650000000000006
37.97957,23.72997,21,-0.25
37.989685,23.765181,0,-1.9499999999999886
37.97531,23.73128,21,8.900000000000006
37.99563,23.72613,16,-0.9500000000000028
37.97974,23.70749,-1,15.449999999999989
37.96938,23.74075,3,3.0999999999999943
37.97321,23.73411,21,8.100000000000023
37.9732,23.73391,21,3.1000000000000227
38.0197,23.73024,-1,4.699999999999989
37.97743,23.74587,10,3.8000000000000114
37.97738,23.72775,21,-0.29999999999999716
37.98658,23.7412,8,0.5499999999999972
37.96212,23.72224,19,14.199999999999989
37.9676,23.72998,19,2.5
37.98144,23.73842,12,16.69999999999999
37.9716,23.71201,5,7.800000000000011
37.97832,23.74447,10,42.25
37.96263,23.72269,19,4.200000000000003
37.96796,23.73238,19,-30.44999999999999
37.997227,23.745352,-1,-1.8500000000000014
37.96128,23.72654,-1,-26.900000000000006
37.99989,23.73478,6,-68.5
37.97905,23.7221,21,-23.849999999999994
37.96783,23.72734,19,-26.80000000000001
37.96053,23.72506,19,-22.19999999999999
37.95921,23.72799,-1,-6.599999999999994
37.97833,23.74433,10,-10.400000000000006
37.98217,23.73653,12,-22.349999999999994
37.99141,23.7102,-1,-10.299999999999997
37.96246,23.71985,19,7.400000000000006
37.96859,23.7497,3,-3.0500000000000114
37.98029,23.75643,1,-23.30000000000001
37.98756,23.7345,7,0.29999999999999716
37.98668,23.71398,-1,-7.299999999999997
37.97063,23.74422,3,-1.4499999999999886
37.99136,23.71875,-1,-12.699999999999989
37.97673,23.7272,21,-0.04999999999999716
37.9688,23.70979,4,2.3499999999999943
37.9645,23.72635,19,0.7000000000000028
37.9645,23.72635,19,0.45000000000000284
37.9637,23.7228,19,-17.94999999999999
37.98591,23.71312,-1,-18.400000000000006
37.9675,23.72921,19,3.0500000000000114
37.97054,23.74279,3,-4.900000000000006
37.98707,23.73526,7,1.4000000000000057
37.99603,23.72277,-1,5.150000000000006
37.98902,23.74352,-1,-6.25
37.97786,23.72842,21,11.75
37.969,23.72406,19,-6.099999999999994
37.98474,23.73859,8,-9.099999999999994
37.96355,23.72173,19,2.1500000000000057
37.99517,23.77609,-1,-0.9000000000000057
37.96774,23.73272,19,-3.8000000000000114
37.9904,23.73443,7,-1.5500000000000114
37.96582,23.72627,19,3.5
37.96366,23.72349,19,3.4000000000000057
37.96759,23.72896,19,-1.9000000000000057
37.96951,23.74475,3,-12.449999999999989
37.97803,23.75223,1,-9.649999999999999
37.97536,23.71547,5,-14.449999999999989
37.96769,23.73286,19,-9.899999999999977
37.97846,23.72674,21,1.0999999999999943
37.96471,23.71045,-1,-0.5999999999999943
37.9772,23.74321,10,106.95000000000005
37.97837,23.74178,12,42.64999999999998
37.99963,23.71946,-1,-4.200000000000003
37.98813,23.75117,-1,2.3499999999999943
37.99304,23.72884,16,2.5
37.99116,23.72856,16,-1.7999999999999972
37.99367,23.75881,-1,1.7000000000000028
37.99493,23.72803,16,0.09999999999999432
37.97426,23.71471,5,-11.349999999999994
37.96548,23.70987,-1,-0.3499999999999943
37.9777,23.75788,1,4.150000000000006
37.97314,23.71985,5,27.44999999999999
37.97654,23.71817,5,-8.25
37.96614,23.7266,19,16.5
37.99029,23.74022,-1,7.099999999999994
37.96316,23.72962,19,-6.099999999999994
37.97106,23.73292,19,-26.80000000000001
37.96464,23.72558,19,10.300000000000011
37.96388,23.72831,19,-49.14999999999998
37.97477,23.73045,21,5.650000000000006
37.99677,23.74705,-1,-8.25
37.97156,23.7465,3,-7.050000000000011
38.01537,23.72984,-1,20.599999999999994
37.97055,23.70547,-1,-6.150000000000006
37.967506,23.7108,4,-1.0500000000000114
37.99032,23.74416,-1,-3.5999999999999943
37.95819,23.7453,-1,29.600000000000023
37.95985,23.73954,-1,13.900000000000006
37.989,23.72778,14,-13.599999999999994
37.98076,23.73842,12,9.099999999999994
37.98454,23.72635,20,34.5
37.98233,23.7257,21,12.399999999999977
37.97673,23.72746,21,-1.6999999999999886
37.97673,23.72746,21,-0.09999999999999432
37.97156,23.72896,19,-10.849999999999994
37.97416,23.73221,21,0.5499999999999972
37.98468,23.73239,12,8.650000000000006
37.96838,23.72953,19,-8.300000000000011
37.97516,23.73407,21,1.0500000000000114
37.96751,23.7279,19,-11.399999999999977
37.96922,23.73069,19,-12.449999999999989
37.97787,23.74116,12,16.5
37.98611,23.72185,11,-2.8499999999999943
37.97493,23.7344,21,15.300000000000011
37.979,23.72775,21,1.0999999999999943
37.97652,23.71901,5,-32.30000000000001
37.97325,23.7124,5,3.3499999999999943
37.99106,23.75169,-1,1.0999999999999943
37.97434,23.7294,21,-3.0500000000000114
37.96355,23.71944,19,8.699999999999989
37.97506,23.73173,21,1.75
37.95614,23.73653,-1,-2.3499999999999943
37.98583,23.73232,13,40.099999999999994
37.98410034179688,23.739181518554688,8,-6.5
38.00952,23.73167,-1,-4.0
37.9963,23.7213,-1,-15.400000000000006
37.97843,23.72533,21,-1.25
37.97884,23.74407,10,30.399999999999977
37.97542,23.71359,5,-5.700000000000003
37.95517,23.72469,15,3.700000000000003
37.96215,23.7317,-1,-1.25
37.963,23.72938,19,-6.0
37.96215,23.7317,-1,-0.9500000000000028
37.97382,23.72952,21,-2.3999999999999773
37.99401,23.72862,16,0.09999999999999432
37.97438,23.730059,21,1.9000000000000057
37.97492,23.74837,3,-8.599999999999994
37.95626,23.72877,15,4.449999999999989
37.97925,23.72294,21,-7.349999999999994
37.96376,23.72874,19,-6.950000000000003
37.98088,23.72662,21,1.4500000000000028
37.99185,23.72834,16,-0.25
37.98577,23.74181,8,-0.7000000000000028
37.99715,23.72583,16,0.25
37.98766,23.73627,7,8.800000000000011
37.993599,23.764174,0,-0.6999999999999886
37.97738,23.74397,10,53.19999999999999
37.97898,23.7241,21,3.4000000000000057
37.97423,23.71936,5,-9.800000000000011
37.98088,23.72662,21,0.20000000000000284
37.99482,23.73185,-1,-15.200000000000003
37.97753986922663,23.72416055202482,21,5.099999999999994
37.98246,23.76054,0,-5.25
37.96646,23.72587,19,1.9499999999999886
37.97789,23.743877,10,46.39999999999998
37.96621,23.71229,-1,-2.25
37.98205,23.72973,-1,6.400000000000006
37.96397,23.72965,19,-9.050000000000011
37.96363,23.72223,19,6.650000000000006
38.00634,23.75111,-1,-4.5
37.98296,23.76224,0,-0.6500000000000057
37.97542,23.73225,21,-0.5
37.966366,23.727573,19,-0.15000000000000568
37.96367,23.73143,19,-13.799999999999997
37.98796,23.76327,0,-0.9500000000000028
37.97914,23.72331,21,6.599999999999994
37.97914,23.72331,21,6.25
37.97914,23.72331,21,3.8499999999999943
37.97786,23.72962,21,-1.75
37.977325,23.730145,21,-1.0
37.97269,23.72005,5,30.25
37.97604,23.75231,1,-3.3500000000000227
37.98627,23.73099,13,0.6499999999999986
37.98272,23.72202,20,-6.200000000000003
37.99318,23.72899,16,-1.1500000000000057
37.9693,23.74192,3,-0.8000000000000114
37.97517,23.73269,21,27.44999999999999
37.97652,23.7297,21,0.75
37.9683,23.72549,19,-0.5999999999999943
37.97329,23.73303,21,0.9000000000000057
37.97704,23.72653,21,3.0
37.97727,23.72103,21,-2.1499999999999986
37.97686,23.72811,21,5.75
37.97582,23.72727,21,2.75
37.98504257202149,23.764833450317383,0,-0.5
37.97784,23.72855,21,-1.4000000000000057
37.96553,23.72565,19,0.75
37.95678,23.72432,15,-5.900000000000006
38.00921,23.72895,2,0.45000000000000284
37.97828,23.72469,21,-10.599999999999994
37.99649,23.72961,17,-2.8000000000000114
37.99044,23.72056,-1,-6.200000000000003
37.978,23.72776,21,1.0
37.98005,23.72334,21,-16.0
37.96595,23.72684,19,-0.4000000000000057
37.97671,23.7309,21,10.850000000000023
37.9807,23.71504,18,1.5500000000000114
37.97457,23.71807,5,-10.199999999999989
37.99234,23.72832,16,-2.0
37.96754,23.74983,3,-2.6500000000000057
37.98788,23.73514,7,-0.5
37.99302,23.72897,16,-7.700000000000003
37.9821,23.71466,18,7.050000000000011
37.97747,23.72531,21,3.5500000000000114
37.98589,23.76147,0,30.5
37.963421,23.719889,19,-5.0
38.00692,23.71933,-1,3.200000000000003
37.97508,23.7321,21,8.0
37.9821,23.71466,18,3.3499999999999943
37.98603,23.73143,13,0.29999999999999716
38.00242,23.73074,6,-11.0
37.98581,23.73099,13,-8.75
37.95421,23.72644,-1,2.1500000000000057
37.97797,23.72563,21,-0.8499999999999943
37.97367,23.71126,5,1.0999999999999943
37.98249,23.72111,20,-3.6000000000000014
37.99032,23.75703,-1,0.19999999999998863
37.96697,23.73009,19,-9.200000000000003
37.98787,23.76023,0,-4.5
37.99093,23.73845,-1,-0.45000000000000284
37.98777,23.73541,7,-6.0
37.96645,23.75052,3,1.6999999999999886
37.9864,23.72479,11,-16.0
37.9694,23.71141,4,0.75
37.98494,23.70555,-1,16.5
37.97991,23.73904,12,-10.349999999999994
37.9822,23.73975,12,-27.30000000000001
37.99673,23.74228,-1,-6.900000000000006
37.98171,23.73897,12,39.60000000000002
37.98136,23.73917,12,25.049999999999997
37.98006057739258,23.72355842590332,21,-19.44999999999999
37.99309,23.73046,16,2.9000000000000057
37.97721,23.73638,-1,11.0
37.964361,23.721889,19,-7.199999999999989
37.96215,23.73208,-1,-3.1000000000000014
37.9921,23.7218,-1,-29.94999999999999
37.96424,23.72989,19,-7.099999999999994
37.98123,23.73162,-1,7.049999999999997
37.96784,23.74589,3,-16.150000000000006
37.984928,23.72398,20,-54.55000000000001
37.97969,23.73117,-1,-0.5500000000000114
37.96171,23.72482,19,-8.599999999999994
38.02096,23.73755,-1,9.199999999999989
38.01202,23.73235,2,-2.0
37.9644,23.7208,19,7.400000000000006
37.96629,23.72666,19,3.8000000000000114
37.97656,23.72992,21,0.15000000000000568
37.99844,23.74347,-1,-0.7000000000000028
37.98329,23.72837,-1,19.0
37.98904,23.76794,0,-4.0
37.96747,23.75355,3,12.25
37.97466,23.72809,21,-1.25
37.96676,23.72855,19,6.400000000000006
37.96124,23.72511,19,-16.44999999999999
37.9681,23.70901,4,1.6500000000000057
37.96632,23.73108,19,-5.349999999999994
37.98118,23.73686,12,-19.75
37.9635,23.72947,19,-6.549999999999997
37.98093,23.74924,-1,-17.149999999999977
37.9917,23.75778,-1,-3.5
37.97983,23.75434,1,-29.5
37.98579,23.72082,11,-7.099999999999994
37.96739,23.72498,19,3.1999999999999886
37.97713851928711,23.74039077758789,12,6.5
37.97429,23.71573,5,-7.650000000000006
37.96279,23.73306,-1,-4.549999999999997
37.96926,23.72525,19,20.649999999999977
37.97094,23.74425,3,-17.349999999999994
37.97971,23.74316,10,-50.900000000000006
37.9672,23.72898,19,-1.1999999999999886
37.96745,23.7442,3,23.5
37.97967,23.72984,21,2.9499999999999886
37.9794,23.72975,21,8.100000000000023
37.96414,23.72502,19,3.6500000000000057
37.97745,23.72908,21,-2.6999999999999886
37.99197,23.75422,-1,-2.799999999999997
37.96868,23.7266,19,7.949999999999989
37.97053,23.74349,3,-2.299999999999997
37.99532,23.74803,-1,-2.75
37.99607,23.73184,17,-52.400000000000006
37.98371887207031,23.71880531311035,18,-7.900000000000006
37.99111,23.71241,-1,11.150000000000006
37.98121,23.72504,21,6.449999999999989
37.97231,23.73249,19,8.049999999999997
38.00121,23.7311,-1,-6.049999999999997
37.97722,23.7211,21,-2.8999999999999986
37.97885,23.72154,21,2.9000000000000057
37.97824,23.72599,21,-0.5999999999999943
37.99897,23.725,-1,5.549999999999997
37.964359,23.723793,19,6.599999999999994
37.97629,23.72302,21,30.100000000000023
37.96984,23.74168,3,14.849999999999994
37.9887,23.72849,14,-3.299999999999997
37.996341705322266,23.749879837036133,-1,-11.0
37.98099,23.73941,12,45.80000000000001
37.97789,23.72129,21,-2.1499999999999986
37.96661,23.73541,9,5.900000000000006
37.96491,23.73342,9,-10.849999999999994
37.99223,23.72889,16,-9.900000000000006
38.00519,23.73665,6,1.9500000000000028
37.98687,23.72034,11,0.6500000000000057
37.977291,23.725708,21,1.0999999999999943
37.96252,23.72439,19,-13.349999999999994
37.97466,23.73043,21,4.899999999999977
37.982933,23.73596,12,-4.949999999999989
37.977795,23.728117,21,-2.25
37.98732,23.76129,0,-12.75
37.97677612304688,23.73008155822754,21,5.75
37.96403,23.7383,-1,3.0999999999999943
37.977898,23.728519,21,-1.0499999999999972
37.95695,23.72526,15,-9.599999999999994
37.983765,23.715429,18,6.849999999999994
37.9887,23.72642,14,-2.1000000000000014
37.991928,23.772047,-1,-4.150000000000006
37.97551,23.73206,21,0.29999999999999716
37.98611,23.73667,-1,-2.1500000000000057
37.97093,23.73209,19,25.5
38.00169,23.73465,6,-7.25
37.97644,23.7406,12,13.649999999999977
37.95795,23.73247,-1,-9.449999999999989
37.99273,23.71601,-1,-3.549999999999997
37.99368,23.72242,-1,-0.6499999999999986
37.95495,23.72035,-1,-4.800000000000011
37.99217,23.75769,-1,28.19999999999999
37.977524,23.729153,21,-0.25
37.977871,23.726896,21,-0.29999999999999716
37.96858,23.73029,19,-4.150000000000006
37.977871,23.726896,21,-0.20000000000000284
37.97215,23.73104,19,5.099999999999994
37.99133,23.72054,-1,-19.94999999999999
37.967049,23.73131,19,-2.8499999999999943
38.00198,23.735046,6,-2.5
37.96756,23.72458,19,6.25
37.977234,23.730198,21,9.900000000000006
37.971527099609375,23.73163414001465,19,4.549999999999997
37.97585,23.73147,21,2.8499999999999943
38.016297,23.726741,-1,2.3499999999999943
37.96815,23.72872,19,6.949999999999989
37.97822,23.72279,21,-11.799999999999997
37.95984,23.72373,-1,-7.700000000000003
37.96054,23.72516,19,-10.450000000000003
38.002644,23.736389,6,0.25
37.9798,23.73035,21,-5.5
37.98822,23.72083,11,-4.25
37.99445,23.75838,-1,-19.900000000000006
37.96629,23.72589,19,0.45000000000000284
37.955196,23.729719,-1,-14.449999999999989
37.9959,23.74076,-1,10.400000000000006
37.95992,23.72567,19,-24.849999999999994
37.96777,23.729748,19,-1.7999999999999972
37.957,23.72819,15,7.099999999999994
37.97897,23.74153,12,-24.0
37.996178,23.723846,-1,1.7999999999999972
37.968384,23.729532,19,4.349999999999994
37.99049,23.72222,11,3.5999999999999943
37.98855,23.72926,14,1.7000000000000028
37.96695,23.72402,19,72.64999999999998
37.96302,23.72502,19,-7.299999999999997
37.99602,23.72592,16,-1.0499999999999972
37.97728,23.72803,21,3.3000000000000114
37.971008797606544,23.72910987585783,19,-6.900000000000006
37.99057,23.72408,11,-1.75
37.96048,23.73469,-1,-11.650000000000006
37.99085,23.72363,11,0.8499999999999943
37.98735,23.7646,0,2.1999999999999886
37.97615,23.75158,1,-0.05000000000001137
37.97704,23.72467,21,-0.20000000000000284
38.00213,23.73585,6,-2.0999999999999943
37.95867,23.73001,-1,-3.6500000000000057
37.983322,23.723213,20,-16.599999999999994
37.9894,23.76402,0,-1.9000000000000057
37.98347,23.76071,0,-1.5
37.97883,23.7202,21,-2.450000000000003
37.97967,23.71949,21,8.050000000000011
37.97651,23.72987,21,0.5499999999999972
37.986717,23.766802,-1,-7.400000000000006
37.97922,23.71984,21,-10.5
37.97699,23.72844,21,1.2000000000000028
37.97268,23.74908,3,-6.0
37.96325,23.7222,19,0.5499999999999972
37.97739,23.723007,21,-20.75
37.9786,23.72096,21,-32.55000000000001
37.99368,23.73016,16,-12.100000000000023
37.99210739135742,23.729766845703125,16,-39.5
37.98296,23.72575,21,3.049999999999997
37.97506,23.7174,5,-6.549999999999997
37.996151,23.724003,-1,-0.45000000000000284
37.96575,23.73191,19,-13.75
37.975093841552734,23.716983795166016,5,-11.400000000000006
37.99452590942383,23.729225158691406,16,-14.600000000000023
37.95679,23.7283,15,-4.5
37.9804,23.72364,21,3.299999999999997
37.96462,23.73785,-1,0.4000000000000057
37.985065,23.72477,20,11.049999999999997
37.99026,23.76238,0,-6.75
37.979172,23.737612,12,2.1500000000000057
37.97506,23.72658,21,-2.5500000000000114
37.977207,23.721491,21,-2.0999999999999943
37.999428,23.719027,-1,-2.200000000000003
37.985889,23.761471,0,-4.150000000000006
37.98054,23.71871,-1,-2.9000000000000057
37.98069,23.72024,20,-16.849999999999994
37.97905,23.72038,21,11.400000000000006
37.95679,23.72604,15,-4.049999999999997
38.0065,23.71629,-1,8.0
37.99578,23.73036,17,1.6000000000000014
37.98752975463867,23.76302719116211,0,-2.6499999999999773
37.977085,23.723873,21,3.0999999999999943
37.98097,23.72221,-1,-25.350000000000023
37.97236122098314,23.712655202832025,5,-0.75
37.965466,23.725124,19,0.44999999999998863
37.9822883605957,23.716169357299805,18,5.150000000000006
37.967449927320224,23.74813608983209,3,32.64999999999998
37.97522,23.71568,5,-2.9000000000000057
37.97619,23.75478,1,6.650000000000006
37.9754,23.72595,21,-3.9499999999999886
37.97881,23.7294,21,0.25
37.98735809326172,23.73087882995605,13,2.1000000000000014
37.975956,23.727123,21,16.850000000000023
37.97323,23.73195,21,16.649999999999977
37.97217,23.71214,5,-5.950000000000003
38.00968,23.71838,-1,3.4000000000000057
37.96973,23.75059,3,-2.0500000000000114
37.99893,23.72501,-1,-0.7999999999999972
37.976589,23.727493,21,0.5500000000000114
37.983749,23.738482,8,-0.8499999999999943
38.00245,23.71883,-1,15.699999999999989
37.97406768798828,23.73255920410156,21,0.4000000000000057
38.00526,23.73472,6,-4.799999999999997
37.97643,23.73282,21,2.75
37.974442,23.728209,21,37.200000000000045
37.97393,23.73206,21,8.449999999999989
37.977802,23.728455,21,-0.5500000000000114
37.97996,23.71661,18,-2.9499999999999886
37.967899,23.730116,19,-0.5499999999999972
37.98882,23.72687,14,-3.549999999999997
37.98925,23.761475,0,1.75
37.9696,23.711,4,-1.8499999999999943
37.99254,23.72123,-1,-4.799999999999997
38.01363,23.73573,2,2.5999999999999943
38.00882,23.73162,-1,-7.0
37.97845,23.72949,21,-4.25
38.012169,23.733099,2,9.099999999999994
37.98216,23.71621,18,13.150000000000006
37.98349,23.71733,18,-8.850000000000001
37.987682,23.727884,14,-4.700000000000003
37.97751,23.72849,21,0.09999999999999432
37.97252,23.74383,3,-10.650000000000006
37.967419,23.729191,19,2.4000000000000057
37.964916,23.726458,19,-0.9000000000000057
37.964016,23.72887,19,-10.449999999999989
37.98015,23.71638,18,-1.0499999999999972
37.97703552246094,23.73078155517578,21,1.5
37.98001,23.72586,21,4.150000000000006
37.95436,23.7277,-1,4.0
37.97959,23.72394,21,7.650000000000006
37.9820662,23.7514044,-1,5.150000000000006
37.96249798248238,23.72473352698366,19,-24.25
37.99718,23.76888,-1,26.349999999999994
37.9612472,23.7241882,19,-56.69999999999999
38.01056,23.72705,2,-1.7999999999999972
38.0087,23.7333,-1,-6.700000000000003
37.9888,23.76559,0,-1.7999999999999972
37.97606,23.7316,21,0.09999999999999432
37.9639,23.72726,19,-14.400000000000006
37.96486,23.72395,19,-3.25
37.9785,23.755,1,2.5
37.96695,23.73016,19,-28.19999999999999
37.9671171,23.73078,19,-0.5
37.98514,23.74056,8,-4.699999999999989
38.00107,23.7241,-1,4.599999999999994
37.98527,23.71404,-1,-8.600000000000001
37.9890548,23.7296864,14,-7.0
37.96657,23.70414,-1,-10.150000000000006
37.98828,23.74394,-1,1.9000000000000057
37.96949,23.71221,4,-9.599999999999994
37.9774061,23.7222182,21,-28.400000000000006
37.997038380876056,23.731275685939096,17,-0.75
37.973438,23.726103,-1,-0.15000000000000568
37.96736355257045,23.735522598008725,9,-2.8999999999999773
37.97694,23.72372,21,1.6500000000000057
37.96031,23.74163,-1,5.900000000000006
37.99597,23.74321,-1,12.0
37.99466,23.72846,16,-3.8499999999999943
37.99635749999999,23.7723704,-1,-0.44999999999998863
37.99635749999999,23.7723704,-1,14.75
38.02857,23.74626,-1,-7.950000000000003
37.96403,23.72409,19,0.44999999999998863
37.98003,23.74117,-1,-13.900000000000006
37.9800009,23.7266176,21,-0.20000000000000284
37.96591,23.74932,3,-6.199999999999989
37.9773823,23.7538232,1,-3.9499999999999886
37.96362716391378,23.719876371324062,19,3.8499999999999943
37.98449,23.73247,12,8.799999999999997
37.9597426,23.7388548,-1,15.849999999999994
38.01223,23.73183,2,3.8499999999999943
37.96628,23.75474,3,1.9499999999999886
37.9872653,23.7235118,11,-1.0499999999999972
38.01876,23.73283,-1,10.300000000000011
37.97541,23.7309,21,-1.0999999999999943
37.96861091044364,23.711881277264563,4,-8.5
37.98676,23.73079,13,-21.5
37.99503,23.7267,16,-0.14999999999999858
37.96814,23.70298,-1,1.6999999999999886
37.9620657,23.7288031,19,-20.0
37.9847261,23.723903,20,-12.299999999999997
37.97608,23.73027,21,3.0
37.99548720000001,23.7309859,17,-13.5
37.9820693,23.7203064,20,-4.899999999999999
37.9820693,23.7203064,20,-9.600000000000001
37.964685,23.7297329,19,-5.700000000000003
37.9991779,23.7715042,-1,14.650000000000006
37.98442,23.74001,8,-6.75
37.96494,23.73021,19,-10.200000000000003
37.997950336749255,23.730205558240414,-1,-1.6499999999999986
37.98388,23.73908,8,-0.4000000000000057
37.9589213,23.7357402,-1,-21.400000000000006
37.96286,23.72923,19,-2.0
37.97976630569382,23.72360698878765,21,-26.19999999999999
37.9779002,23.7281366,21,5.949999999999989
37.98734,23.74885,-1,1.7999999999999972
37.98122212866341,23.713533439147927,-1,2.4499999999999886
37.98912,23.72214,11,0.10000000000000142
38.00321,23.73735,6,-3.049999999999997
37.98261,23.75217,-1,4.150000000000006
37.97771577011453,23.72329027976225,21,5.849999999999994
37.9656604160937,23.726858113491826,19,7.699999999999989
37.9641,23.71824,19,41.05000000000001
38.0151937,23.7376694,-1,4.049999999999997
37.96624,23.73189,19,-19.05000000000001
37.95516279350859,23.722908777002328,-1,-5.650000000000006
37.9633,23.72418,19,2.799999999999997
37.96253048883558,23.72965199497057,19,-3.6500000000000057
37.97805378972831,23.72930634766817,21,-5.350000000000023
38.0008066,23.7333531,6,-4.400000000000006
37.96842,23.70675,4,4.850000000000023
37.9931928,23.7482448,-1,2.200000000000003
38.0081,23.73107,-1,-12.150000000000006
37.96842,23.70675,4,0.6000000000000227
37.9740667,23.7325603,21,0.09999999999999432
37.9800567,23.7235141,21,-31.69999999999999
37.97666,23.71231,-1,-12.599999999999994
37.9660716,23.7271401,19,18.80000000000001
37.9632403,23.7218286,19,6.099999999999994
37.98608677438802,23.718777036471018,11,-0.5500000000000007
38.01208356907439,23.734944885930783,2,4.349999999999994
37.9761927,23.7148673,5,-5.800000000000011
37.967667,23.7089675,4,-0.4000000000000057
37.96818,23.72475,19,-12.550000000000011
37.96694,23.70494,-1,1.4000000000000057
38.00898,23.73364,-1,0.9500000000000028
37.9771705,23.729062,21,1.9000000000000057
37.9764649,23.7520625,1,3.0
38.00082,23.74711,-1,-2.5999999999999943
37.9967109,23.7337189,17,-6.299999999999997
37.98806,23.74998,-1,4.949999999999989
37.9786418,23.7261174,21,-1.3499999999999943
37.9993,23.73071,-1,-0.25
37.98582,23.73463,-1,-4.849999999999994
37.98017,23.72392,21,-4.700000000000003
37.97411744454468,23.73260321534423,21,1.0
37.96831,23.72416,19,4.799999999999997
37.9792165,23.7455953,10,3.4000000000000057
37.977995986053365,23.71052167116396,-1,-11.75
37.99917,23.71399,-1,-3.299999999999997
37.9650988,23.7190573,19,13.599999999999994
37.96911,23.74252,3,10.049999999999997
38.01920759084594,23.730231374502186,-1,1.9500000000000028
37.991028,23.7340886,7,-0.5
37.97732,23.73112,21,0.19999999999998863
37.967667,23.7089675,4,0.9500000000000028
37.98686,23.71866,11,-0.6500000000000057
37.978800221264514,23.72705520879541,21,-0.19999999999998863
37.98233,23.76146,0,-1.5
37.98477460332995,23.734222053216023,12,-2.6500000000000057
37.976941,23.7452699,10,34.94999999999999
37.96625681665554,23.72910769869382,19,-26.650000000000006
37.98923,23.76283,0,-1.5
37.977649,23.731324,21,126.70000000000005
37.98706,23.73031,13,-5.950000000000003
37.98666,23.73176,13,1.5499999999999972
38.00275447529378,23.733994861376964,6,-7.5
37.97768585747801,23.72499666441802,21,-0.9000000000000057
37.96389,23.73054,19,-1.6500000000000057
37.9769388,23.7253968,21,-0.44999999999998863
37.97598798559063,23.732053546032724,21,-15.150000000000006
37.9576612,23.7255131,15,-1.9499999999999886
37.9803779,23.7160338,18,0.5999999999999943
37.98235,23.7211897,20,-14.099999999999994
37.9715683,23.7313821,19,21.30000000000001
37.96882,23.71043,4,4.149999999999977
37.97161693184452,23.731403713744506,19,15.900000000000006
37.97619698007032,23.75611403353561,1,-3.25
37.977159,23.7534048,1,-0.5999999999999943
37.973121,23.7333578,21,14.899999999999977
37.965808,23.7142978,-1,30.44999999999999
37.99326285530872,23.75045958906412,-1,0.29999999999999716
37.9861455,23.7392199,8,1.9000000000000057
37.9861455,23.7392199,8,2.0
37.98361,23.75971,0,-0.15000000000000568
37.9937003,23.7235334,-1,1.4500000000000028
38.00743,23.73381,-1,-16.099999999999994
37.9899799,23.7463889,-1,1.9000000000000057
37.99474605146533,23.76466833318852,0,1.3499999999999943
37.97349167958925,23.73219654731457,21,-0.04999999999999716
37.9861455,23.7392199,8,-0.25
37.9773048,23.7247344,21,1.75
38.00219891514003,23.72706735646424,6,-7.950000000000003
37.99419045348717,23.725055074909783,-1,-3.299999999999997
37.96319233619237,23.723491318523884,19,-1.6999999999999886
37.97255783342531,23.71967344788513,5,22.849999999999994
37.9692851,23.7147415,-1,28.5
37.9658507,23.7318747,19,-9.949999999999989
37.98684,23.72754,14,-1.3499999999999943
37.98891951575871,23.74825796472368,-1,3.4000000000000057
37.9918781,23.7494037,-1,-12.75
37.9777279,23.7406866,12,11.350000000000023
37.98746371640302,23.74433188722353,-1,1.1999999999999886
37.9748302833379,23.74235944788512,-1,-51.75
37.97060394490397,23.74352723676044,3,-8.099999999999994
37.9895489,23.7579817,-1,-6.349999999999994
37.9900498,23.7225587,11,-0.29999999999999716
37.9963939,23.7306441,17,-3.3999999999999986
37.97903609999999,23.7274307,21,-4.050000000000011
38.0042896,23.7268844,6,-0.5499999999999972
37.97116,23.7437,3,-4.5
37.9930986,23.7603637,-1,0.5500000000000114
38.0060908,23.7378553,6,-2.8000000000000007
38.00741024308935,23.74025747179985,-1,-2.1499999999999986
37.9646655,23.7235467,19,-2.3000000000000114
37.9900315,23.7414522,-1,20.0
37.989842688843446,23.728438339488605,14,-10.150000000000006
38.00576418523897,23.736879122039177,6,-2.3499999999999943
37.96800700604406,23.72625097632408,19,-4.300000000000011
37.99678660000001,23.7335333,17,-4.199999999999989
37.9770712,23.7272337,21,1.5999999999999943
37.9881973,23.7370106,7,-5.550000000000011
37.99125,23.76297,0,0.5999999999999943
38.00005567939025,23.72485510406373,-1,6.800000000000011
38.00612468669587,23.738051266270464,6,-6.25
38.01062,23.72559,2,10.449999999999989
37.96427373817028,23.72819649477801,19,-12.349999999999994
38.01407672973597,23.733123980405345,2,-1.6999999999999886
37.96702,23.73155,19,8.800000000000011
37.9560335,23.7272796,15,-6.300000000000011
37.9849061,23.7335535,12,-4.699999999999989
38.00082618151552,23.718909679762262,-1,-6.25
37.9847261,23.723903,20,-20.0
37.96505,23.73819,-1,-0.19999999999998863
37.9690704,23.7494148,3,-1.0
37.9580502183021,23.739531754762822,-1,9.5
37.9627572,23.726189,19,-18.349999999999994
37.9775557,23.7266288,21,2.1500000000000057
37.98273,23.72116,20,-1.9000000000000057
37.98605149999999,23.740987,8,2.5999999999999943
37.99477644776448,23.733150617048544,-1,10.349999999999994
37.989802380796654,23.72920813131292,14,-9.950000000000003
37.98191,23.72016,20,-11.650000000000006
37.96463954917936,23.72295822948217,19,0.75
37.99605,23.72044,-1,-14.150000000000006
37.9764,23.7114,-1,-9.800000000000011
37.96000386424393,23.743009753525257,-1,2.75
37.969838658545605,23.744626021642897,3,-2.9499999999999886
37.9795749,23.7570074,1,-13.349999999999994
37.99753,23.73778,-1,-6.950000000000003
37.96957945204259,23.724622655819687,19,-32.94999999999999
37.9788189,23.7381913,12,13.849999999999994
37.99595931034768,23.717660302178736,-1,-0.10000000000000142
37.96669744628267,23.72407198685631,19,-7.800000000000011
37.991595,23.7624,0,1.0999999999999943
37.96006,23.73118,-1,-6.449999999999989
37.9890088,23.7368492,7,-0.4000000000000057
37.9756262,23.7306121,21,1.5
37.98498910375948,23.71748675923889,18,-16.0
37.9797077,23.7447585,10,-11.849999999999994
37.9970573,23.7364968,-1,-14.400000000000006
37.9786914,23.7288171,21,20.75
38.0102975,23.7281164,2,2.6499999999999986
37.96706861688591,23.725390210155528,19,2.8499999999999943
37.9874519,23.7205457,11,-27.650000000000006
37.98250283874725,23.762031862565618,0,1.5499999999999972
37.9958289,23.7294696,17,-5.0
37.9652625,23.725361,19,2.049999999999997
37.9794557,23.7353162,12,6.849999999999994
37.96836255479251,23.729495449073784,19,-1.75
37.9857834,23.7296504,13,27.80000000000001
37.97618758511489,23.71667231917052,5,-8.75
38.01863,23.74236,-1,5.650000000000006
37.97926,23.7262,21,-4.099999999999994
37.9969768,23.731423,17,-4.300000000000011
37.9743147,23.7166672,5,-5.950000000000003
37.9743147,23.7166672,5,-8.099999999999994
38.0007262,23.7220885,-1,7.0
37.9764951,23.7316029,21,6.449999999999989
37.9910695,23.728957,16,-1.4499999999999993
38.01204,23.72656,2,1.0
37.9649585,23.7252049,19,4.550000000000011
37.9899364,23.7364273,7,1.8499999999999943
38.00598,23.74555,-1,0.4000000000000057
38.0026438,23.7434878,-1,-1.75
37.9788568,23.7296812,21,-1.9500000000000028
37.96405837943749,23.720057533751994,19,3.549999999999997
37.9899488,23.7495112,-1,-2.25
37.970599,23.7085551,4,-3.9499999999999886
37.9619377,23.7264038,19,-23.849999999999994
37.97520955069204,23.718123212456703,5,-6.400000000000006
38.0045095552673,23.731039297581003,6,-7.399999999999999
37.9583618,23.7227217,-1,-7.5
37.97462610000001,23.7481708,3,-3.4000000000000057
37.98299,23.71995,20,-13.549999999999997
37.98272,23.72162,20,-5.100000000000001
37.99854903094211,23.726457841694355,-1,3.1499999999999986
37.98455453138547,23.715825900435448,-1,43.150000000000006
37.9882619,23.7075686,-1,0.14999999999999858
37.9882619,23.7075686,-1,-0.14999999999999858
38.0063003,23.7285529,-1,6.75
37.9808778,23.7266147,21,0.6500000000000057
37.9808778,23.7266147,21,-0.3499999999999943
37.98862841653124,23.72969338175355,14,-2.0
37.952717,23.7237072,-1,0.25
38.00325,23.73802,6,-1.6500000000000057
37.984291778150165,23.723632226719705,20,-15.649999999999999
37.95933348167046,23.72410856187344,-1,-7.349999999999994
37.9900099,23.7521497,-1,1.0999999999999943
37.966715943030565,23.727627995201207,19,-5.199999999999989
37.9709978,23.7419329,3,-7.900000000000006
37.98248880116421,23.719015046954155,20,-17.049999999999997
37.961,23.73321,-1,-15.900000000000006
37.99220673822704,23.7319422912737,-1,24.55000000000001
37.97744230000001,23.7253271,21,1.5999999999999943
37.96838,23.74369,3,13.849999999999994
37.9727494,23.7117826,5,-4.400000000000006
38.0069591,23.7282197,-1,2.9000000000000057
37.9711005,23.746041,3,-2.6500000000000057
37.9775788688172,23.731095084655777,21,-7.0
37.9933,23.72265,-1,1.7000000000000028
37.9669041,23.7464746,3,-2.799999999999997
37.98691,23.74879,-1,9.0
37.98287,23.72634,21,31.69999999999999
37.98145,23.70983,-1,11.949999999999989
37.9710922,23.7304037,19,7.849999999999994
37.9808292,23.7603766,0,-10.599999999999994
37.964433214576594,23.72352036438677,19,-5.549999999999997
37.96434,23.72235,19,-3.0
37.96119020412474,23.74395577924625,-1,11.449999999999989
37.9934805,23.7756822,-1,17.30000000000001
37.98479,23.72521,20,40.849999999999994
37.98166519999999,23.7393328,12,80.60000000000002
38.0045873210559,23.732537238098164,6,-5.75
38.00986,23.73421,-1,4.050000000000011
38.00104906926619,23.71639037131764,-1,-9.200000000000003
37.96266945437625,23.72654170183726,19,-24.150000000000006
37.9812789,23.7603023,0,-33.80000000000001
37.98544,23.76253,0,-2.6500000000000057
38.00038240000001,23.7284418,-1,-3.25
37.98571706457003,23.76315496256562,0,-3.9000000000000057
37.9674327,23.7295575,19,-7.0
37.96512,23.72635,19,3.3000000000000114
37.97746375741401,23.7314534067459,21,-6.25
37.9570273,23.7272343,15,-3.75
37.99645969253955,23.7228793613462,-1,1.3999999999999986
37.96664,23.73362,9,-13.099999999999994
37.9670365,23.7278387,19,-4.300000000000011
37.98809,23.72926,14,5.0
38.0024091,23.7371298,6,-3.049999999999997
37.97618965675935,23.73054840162146,21,1.0499999999999972
37.98112,23.72103,20,-7.049999999999997
37.9604,23.73376,-1,-5.900000000000006
37.969282342735646,23.729877700663764,19,1.8499999999999943
37.97417,23.73173,21,60.700000000000045
37.985556,23.7398775,8,0.5499999999999972
37.97713190000001,23.74368581534422,10,0.05000000000001137
37.96502,23.7316,19,-6.75
37.9856685,23.7300265,13,7.900000000000006
37.9678304,23.7267054,19,-0.5999999999999943
37.96647,23.7312,19,-16.0
37.9970494,23.7295638,17,3.049999999999997
37.95743,23.73013,-1,0.04999999999999716
37.96314,23.72188,19,-2.0500000000000114
38.023833,23.731884,-1,-3.5
37.9656366,23.7321142,19,-7.5
37.976405,23.7305377,21,158.64999999999998
37.986913291264464,23.74846463604965,-1,22.25
37.9820197,23.7509223,-1,3.8000000000000114
37.9665968,23.7345716,9,4.150000000000006
37.96408,23.71928,19,-6.099999999999994
37.99126816057102,23.76457866213625,0,0.5
37.96411,23.72007,19,2.1999999999999886
37.9719811513097,23.744722343981262,3,0.3499999999999943
37.9946199,23.7289783,16,-2.1499999999999986
38.00482790380537,23.735294850874485,6,-5.75
37.9821335,23.7266453,21,-0.7999999999999972
37.9839053,23.7335088,12,19.900000000000006
37.972853564272576,23.748569212979103,3,-30.25
37.9641704,23.7322072,19,-6.0
37.95953177284279,23.726324371163926,19,-8.0
37.9747578,23.7191197,5,-3.0
37.96929,23.7433,3,-6.099999999999994
37.984651779656986,23.73587203984001,12,-2.9000000000000057
37.9649463,23.733421,9,-16.349999999999994
37.976216447446,23.724722459988943,21,-2.200000000000003
37.9965413,23.7259314,16,0.3999999999999986
37.984809262784665,23.754310873113408,-1,-7.650000000000006
37.9941194,23.7241729,-1,-2.25
37.9775759,23.7524634,1,-0.5
37.9658834,23.7223545,-1,17.099999999999994
37.97086,23.74825,3,-4.150000000000006
37.99389161207265,23.7446238195696,-1,17.5
37.984814,23.733648,12,-13.0
37.97879760185042,23.729708022090133,21,-3.4000000000000057
37.9676758,23.7530479,3,-6.400000000000006
37.9830864,23.722209,20,-8.549999999999997
37.9710273,23.7445918,3,-2.75
37.9574618,23.7390236,-1,10.0
37.96838,23.7069,4,-3.9000000000000057
37.99456012898776,23.728982919676845,16,-0.6999999999999886
37.9776397,23.7286596,21,1.9500000000000028
37.99121,23.76556,0,-0.4000000000000057
37.96854066226911,23.73052396015736,19,0.7999999999999972
37.98465426169073,23.72474470829803,20,-30.55000000000001
37.98364787805273,23.76015388898256,0,-1.7999999999999972
37.9745289,23.7516269,1,-3.6999999999999886
37.9748072,23.7275984,21,-5.349999999999994
37.99611,23.73572,-1,-4.850000000000001
37.9778,23.72379,21,2.75
37.968377,23.731346,19,-4.199999999999989
37.9862197512965,23.743842473580536,-1,-1.75
37.9757749,23.7304356,21,-0.75
37.99141960260228,23.72995980083942,16,10.849999999999994
37.9657965,23.7340637,9,4.900000000000006
37.9620614,23.7322283,-1,-3.799999999999997
37.97744230000001,23.7253271,21,-0.29999999999999716
37.98901557954314,23.72236881405115,11,1.2000000000000028
37.9648827170168,23.74532955383309,3,18.599999999999994
37.978427963915024,23.738140552234185,12,23.80000000000001
37.96686,23.7375,9,2.0999999999999943
37.96752183011044,23.70801414107356,4,8.050000000000011
37.99484278656311,23.73792711960437,-1,9.699999999999989
37.98045,23.72147,20,3.200000000000003
37.98922779999999,23.7349832,7,-1.5
37.97490104333032,23.733161962565603,21,17.850000000000023
37.98673429999999,23.7253736,11,-2.9000000000000057
37.97195,23.74905,3,-2.1500000000000057
37.96347,23.72195,19,0.6500000000000057
37.99714,23.73732,-1,-4.149999999999999
37.9642621805056,23.72666906072715,19,-25.25
37.9866,23.72715,14,-5.299999999999997
37.9889069,23.7686754,-1,-6.0
37.977493042211016,23.7254343883606,21,0.44999999999998863
37.967918,23.7320586,19,-38.64999999999998
37.9663614,23.7275791,19,14.599999999999994
38.02184048098159,23.73444366946029,-1,3.950000000000003
37.9880314,23.7428736,-1,-3.9000000000000057
37.9756262,23.7306121,21,-5.400000000000006
37.9880314,23.7428736,-1,4.450000000000003
37.9797269,23.7259779,21,5.949999999999989
37.9955519,23.7369606,-1,8.150000000000006
37.9663453,23.7266613,19,0.44999999999998863
37.963562395368655,23.728495985269547,19,-21.099999999999994
37.96135148347154,23.73792897362304,-1,10.900000000000006
37.96814,23.72399,19,9.949999999999989
37.9797594,23.7249087,21,0.6999999999999886
37.977238983307856,23.73209792240063,21,-8.099999999999994
37.975011621524615,23.717462335652552,5,-29.350000000000023
37.9676,23.72856,19,-4.550000000000011
37.9635511,23.7284658,19,-8.0
37.9663266,23.7268612,19,0.5
37.9742538,23.716262,5,-0.9000000000000057
37.9716712,23.7432563,3,-9.25
37.9646684,23.7308887,19,-10.849999999999994
37.9643025,23.7131639,-1,1.6500000000000057
37.9917165,23.7566855,-1,-2.8499999999999943
37.95688343665306,23.725618533343493,15,0.8499999999999943
37.991276310139234,23.74506713034891,-1,-3.25
37.96845447861596,23.731812134260487,19,-2.6500000000000057
37.95696303701393,23.73314023017884,-1,-3.5999999999999943
37.9734,23.70938,-1,-8.699999999999989
37.97125783449511,23.708481704366243,4,-1.75
37.9785168,23.7246414,21,2.450000000000003
37.97851370080475,23.72648213068849,21,-2.6500000000000057
37.9668444,23.7314645,19,2.299999999999997
37.979485,23.7074484,-1,8.099999999999994
37.9640247,23.728344,19,-8.099999999999994
37.9837289,23.7255575,21,-9.5
37.986752,23.7314386,13,-9.199999999999989
37.9889941,23.7424254,-1,1.0499999999999972
37.987206,23.7234435,11,-1.9500000000000028
37.978738850956994,23.74207928209256,12,-24.44999999999999
37.97905,23.74015,12,9.050000000000011
37.9677586,23.7250947,19,1.4000000000000057
37.97604650170051,23.740163569311505,-1,23.349999999999994
37.99835363880942,23.7201504686531,-1,-5.650000000000006
37.98035676826829,23.735901348703173,12,7.449999999999989
37.97380112085602,23.729929625988007,21,-1.7999999999999972
37.9806543,23.7255248,21,1.8499999999999943
38.0120875,23.7369914,2,-0.09999999999999432
37.9709499,23.7429302,3,-40.19999999999999
37.98769066440139,23.7287625297904,14,-5.150000000000006
37.97725867983216,23.72440342419649,21,30.55000000000001
37.9738301,23.7282907,21,-2.9499999999999886
37.974209686629344,23.731375416010177,21,18.55000000000001
37.9901417,23.7368686,7,2.75
37.978889599934654,23.7236147007443,21,16.850000000000023
37.96762289999999,23.7016564,-1,-3.25
37.984732111759264,23.72401133179665,20,-13.100000000000001
37.96639308168146,23.726100102067,19,-1.9000000000000057
37.99477034709349,23.74526813735313,-1,8.650000000000006
37.9857576,23.7394441,8,-6.849999999999994
37.98957895320874,23.734747071577523,7,0.45000000000000284
37.98491,23.74459,-1,1.5
37.9894620469546,23.73429250206805,7,0.3499999999999943
37.9899,23.73461,7,-4.25
37.9711426,23.7488376,3,-4.300000000000011
37.98905577363976,23.733561071656883,7,-0.9000000000000057
37.9626809,23.728045,19,-5.200000000000003
37.9774693,23.7435416,10,19.399999999999977
37.97627,23.71767,5,-4.099999999999994
37.96559109559379,23.731745977909835,19,-7.449999999999989
37.9694664,23.748245,3,1.3499999999999943
38.00680029999999,23.7282175,-1,-4.950000000000003
37.9615244071747,23.730648878582684,-1,-5.299999999999997
37.9845736,23.7361935,12,-2.549999999999997
37.99222583334812,23.772750687853847,-1,38.0
37.96549,23.74989,3,0.30000000000001137
37.96142232458174,23.719689123933147,19,11.449999999999989
37.97838,23.70837,-1,9.699999999999989
37.97155,23.74932,3,-26.44999999999999
37.98607710333139,23.73820103092012,8,8.599999999999994
37.96365,23.7199,19,3.3000000000000114
37.96934,23.70852,4,-1.8499999999999943
37.97688353852391,23.725505657494068,21,1.3499999999999943
37.98507416588318,23.72823236508286,-1,42.099999999999994
37.9769391,23.7269542,21,22.399999999999977
37.992059301922566,23.763087825837307,0,-2.049999999999997
37.9887,23.7249,-1,-6.849999999999994
37.95707496523997,23.72717247383761,15,-4.900000000000006
37.97731694434739,23.724938739791444,21,2.0
37.97805,23.72517,21,-0.5500000000000114
37.9748799,23.7332317,21,11.899999999999977
37.9847141,23.7531873,-1,-10.75
37.96922250746373,23.70819334515342,4,-4.75
37.9919362,23.7257758,16,-3.9000000000000057
37.98796,23.74194,-1,-0.45000000000000284
37.97990679999999,23.7368961,12,2.6499999999999773
37.96814558922963,23.72846746345289,19,2.1500000000000057
37.98153,23.72081,20,-35.099999999999994
37.9896687,23.7289965,14,-3.75
37.96275,23.73039,19,-6.299999999999997
37.98131,23.72543,21,-10.699999999999989
37.981997551175695,23.71480072247381,18,2.450000000000003
37.97493,23.73443,21,15.050000000000011
37.986497,23.7330492,13,-3.3499999999999943
37.9763979446156,23.719082426105373,5,-7.300000000000011
37.96366,23.71953,19,5.650000000000006
37.9762240139398,23.717494740704574,5,-3.6999999999999886
37.99443823939838,23.745233040883964,-1,0.09999999999999432
38.01517,23.73482,2,0.45000000000000284
37.98812858122118,23.72021285481195,11,-15.650000000000006
37.98303329356324,23.75933409871714,0,-1.9000000000000057
37.9833208727307,23.726361913247093,21,10.400000000000006
37.98626,23.72151,11,-5.349999999999994
37.98664691218065,23.72219086885771,11,0.6000000000000014
37.98138,23.72527,21,0.5499999999999972
37.9775697,23.7241633,21,1.6500000000000057
38.0114063,23.7262215,2,4.200000000000003
37.984482651470586,23.726295636631114,20,33.69999999999999
37.96371,23.73092,19,-5.049999999999997
37.9662541,23.7343423,9,3.9000000000000057
37.998603,23.7379825,-1,-9.099999999999994
37.99636909338714,23.72641468836061,16,3.0999999999999943
37.97530431088382,23.719567203397368,5,-30.80000000000001
37.9747311,23.7332764,21,0.19999999999998863
37.9938931,23.7293715,16,-1.1000000000000014
38.0030192,23.7266312,6,-3.5999999999999943
37.970242419906114,23.74773987230811,3,-2.4499999999999886
37.9526855,23.721461,-1,-10.150000000000006
37.9785948,23.7444595,10,3.6500000000000057
37.967638287911896,23.736554302778544,9,-2.0
37.9624887,23.7214297,19,24.55000000000001
37.98038255698446,23.756673296351945,1,-13.599999999999994
37.9956808,23.7641063,0,0.15000000000000568
38.00875746793224,23.717696171163933,-1,4.599999999999994
37.95251459142244,23.725814446806908,-1,6.050000000000011
37.97620819999999,23.7327651,21,28.19999999999999
37.99553975750676,23.72770325111788,16,3.8499999999999943
37.97543,23.75308,1,1.3000000000000114
37.96813070423883,23.75166893005371,3,-0.25
37.97805064757328,23.725861757108973,21,0.09999999999999432
37.96505,23.75371,3,-2.6999999999999886
37.9633419,23.7201883,19,-1.25
38.0019243,23.7393311,-1,-7.150000000000006
38.0117417,23.7300456,2,-7.849999999999994
37.98241851041254,23.71896609663964,20,-1.5499999999999972
37.98625354790772,23.73257734536895,13,-2.5999999999999943
37.97208,23.73124,19,7.049999999999997
37.98399,23.71769,18,-12.400000000000006
38.01612,23.72708,-1,-9.800000000000011
37.9813536,23.736821,12,-7.849999999999994
37.9882858,23.7094746,-1,2.049999999999997
37.98102760001336,23.71750028887362,-1,0.8499999999999943
37.9680598,23.7480515,3,1.4499999999999886
37.9813536,23.736821,12,-7.849999999999994
38.014831655645615,23.734543580801137,2,1.25
37.9582,23.71899,-1,-3.5
37.99007297285339,23.716882992731705,-1,-1.3000000000000114
37.98672,23.74391,-1,10.5
37.99122,23.71668,-1,0.8000000000000114
37.9563778,23.7278919,15,5.050000000000011
37.97209,23.73391,-1,27.80000000000001
37.9666287,23.7283144,19,5.050000000000011
37.9723085,23.7297899,19,9.75
37.9649491,23.7304627,19,-10.699999999999989
37.98721686824656,23.74947153031826,-1,0.44999999999998863
37.98649,23.74342,-1,-1.4000000000000057
37.99296,23.74787,-1,0.04999999999999716
37.962303115871656,23.720172478918315,19,12.949999999999989
37.9825,23.73532,12,-2.8000000000000114
37.967281776364295,23.747212321877463,3,-7.25
37.9648036576156,23.72624226931153,19,11.399999999999977
37.9810701,23.7376047,12,17.55000000000001
37.97836909999999,23.7226221,21,-38.5
37.9615981,23.7282399,-1,-10.349999999999994
37.9869578,23.7236781,11,0.29999999999999716
37.9584562,23.7326098,-1,-3.6500000000000057
37.9678466,23.7243554,19,3.9000000000000057
37.99145,23.7435,-1,1.8000000000000114
37.95738550642647,23.736497590529257,-1,-9.900000000000006
37.99033,23.7300456,14,5.0
37.9869578,23.7236781,11,1.0
37.96707432935101,23.72930087387314,19,0.75
37.96426287833656,23.720680034809085,19,0.6500000000000057
37.9929014,23.7288442,16,-8.450000000000003
37.9869578,23.7236781,11,-1.0
37.9748492559963,23.735124158860767,21,7.949999999999989
38.00036,23.73999,-1,0.25
37.9869578,23.7236781,11,-1.4500000000000028
37.98201121968658,23.73512158650816,12,-10.5
37.9869578,23.7236781,11,-1.4500000000000028
37.97836909999999,23.7226221,21,-44.94999999999999
37.9869578,23.7236781,11,0.75
37.9869578,23.7236781,11,-1.8999999999999986
38.0119174,23.7259664,2,-2.0999999999999943
37.9929597,23.7304605,16,-62.80000000000001
37.97719321193437,23.74225550003809,10,-0.5999999999999943
37.98696,23.72368,11,-16.0
37.9824861,23.7287938,-1,26.0
38.00419331969584,23.7290820479393,6,-0.7999999999999972
37.97657073656525,23.73172829954937,21,4.849999999999994
37.9958979,23.7344316,17,5.5
37.9676019,23.7299753,19,-2.6500000000000057
37.96754,23.72959,19,-2.25
37.98833,23.72196,11,-0.8499999999999943
37.97582,23.73155,21,0.6999999999999886
37.97620523863743,23.729689526516147,21,5.099999999999994
38.00613,23.74591,-1,-3.1999999999999886
37.96782,23.71014,4,3.3499999999999943
37.97508200000001,23.7176849,5,-3.4499999999999886
37.9678368,23.7250947,19,-2.25
37.97748749544327,23.73186066809774,21,9.949999999999989
38.00427791886018,23.727958743834435,6,-4.75
37.96602657423738,23.72694525895828,19,2.8499999999999943
37.97849,23.72854,21,13.25
37.9708158,23.7436955,3,-5.5
38.00568,23.73386,6,-4.799999999999997
37.9815461,23.7154252,18,0.15000000000000568
37.96796,23.73043,19,-2.0500000000000114
37.9553,23.71534,-1,-0.8000000000000114
37.98049224661106,23.76112607672117,0,-0.8499999999999943
37.96903,23.70867,4,-3.4000000000000057
37.959560848544,23.73208831219923,-1,-2.700000000000003
37.9790639,23.7263606,21,3.1999999999999886
37.98726956757122,23.72484931626702,11,-1.3499999999999943
38.00398,23.72867,6,-4.149999999999999
37.99825127268024,23.736353728836043,-1,-15.25
37.95803020042082,23.74291624646097,-1,4.950000000000003
37.9837098,23.7202173,20,-5.049999999999997
37.9846629,23.7302315,13,6.400000000000006
37.9649928,23.7450144,3,20.05000000000001
37.98380166671612,23.73443401692773,12,-6.5
37.99261092380846,23.72630489936084,16,-7.150000000000006
37.99702330900673,23.725177272126498,16,-2.75
37.99202,23.7631,0,-0.09999999999999432
37.98267753008396,23.724467589466105,-1,-12.25
38.00552332791842,23.714411775245143,-1,5.049999999999997
38.00164729999999,23.714077,-1,39.05
37.98637,23.7567062,-1,-11.050000000000011
38.00200299999999,23.7349606,6,-4.599999999999994
37.9675932217079,23.726060314713944,19,-11.800000000000011
38.0058971,23.7358395,6,-0.1999999999999993
37.9731922,23.7131628,5,-5.850000000000023
38.0052951,23.740922,-1,0.6999999999999886
37.96435274049264,23.72897543013096,19,-65.65
37.98945,23.72903,14,-7.950000000000003
37.9911644,23.7274778,16,-0.3500000000000014
37.98575909760956,23.7348011261535,-1,-3.4000000000000057
37.97755253336858,23.723313862475425,21,58.69999999999999
38.0064755,23.7307448,-1,-0.25
37.99671357571103,23.727423565392368,16,-0.75
37.98609204934379,23.721922039939912,11,-2.549999999999997
37.97965751081346,23.71048141304529,-1,5.599999999999994
37.978674357753015,23.71224031859275,-1,-2.0999999999999943
37.98354,23.7103,-1,6.150000000000006
37.97794964031897,23.72632207662053,21,2.4499999999999886
38.00323,23.71551,-1,12.650000000000006
37.978982317297486,23.724447933545232,21,-0.19999999999998863
37.97912,23.72572,21,-0.9000000000000057
37.9606155972163,23.734282084997705,-1,-24.599999999999994
37.97265,23.72983,-1,2.5
37.98447,23.73251,12,12.200000000000003
37.9649065,23.7252217,19,2.1500000000000057
38.0039703,23.7245287,-1,-34.6
37.99622,23.73899,-1,9.150000000000006
37.96618,23.73062,19,-7.75
37.95343255895848,23.72034590463689,-1,-2.4499999999999886
37.99162,23.72672,16,0.15000000000000568
37.9837668,23.7364455,12,-1.4500000000000028
37.98619703127392,23.74821837456313,-1,22.400000000000006
38.0078144,23.7377586,-1,0.20000000000000284
37.96418571763123,23.71933392482161,19,4.150000000000006
37.98377,23.73645,12,-0.15000000000000568
37.99007630966436,23.72384509354548,11,0.9500000000000028
37.98379288869659,23.731716543668515,12,11.099999999999994
38.00668,23.72432,-1,-10.25
37.9686804,23.7095288,4,1.5
37.98455398088461,23.726122252466105,20,17.150000000000006
37.98288,23.73541,12,-2.450000000000003
37.9628954,23.7297447,19,-10.400000000000006
37.9619161,23.7314218,-1,-54.94999999999999
38.00432948631551,23.71751186067964,-1,3.5
37.9906972258575,23.732910175373508,7,0.4000000000000057
38.005615419603856,23.725772202014923,-1,-0.04999999999999716
37.9701731,23.7305872,19,34.75
37.9837668,23.7364455,12,-10.099999999999994
37.99724,23.74602,-1,-0.25
37.9624622,23.7256299,19,-7.400000000000006
37.9588596,23.7266602,-1,-11.400000000000006
37.96633757605028,23.746143244206905,3,-3.700000000000003
37.9711647,23.745207,3,-8.949999999999989
37.9843897,23.7103426,-1,48.349999999999994
37.9631109,23.7465808,-1,-8.25
38.00665944350885,23.746787644922733,-1,-2.1500000000000057
37.9901159,23.7231988,11,2.299999999999997
37.97884834219323,23.72964689021301,21,1.5999999999999943
37.9624186,23.7262071,19,-11.5
37.99534602772911,23.726764979327644,16,-4.75
37.9871135,23.7215874,11,40.75
37.9668437,23.7286225,19,1.6500000000000057
37.98404800000001,23.7173913,18,-20.349999999999994
37.96580988090695,23.724649467897425,19,-7.75
37.982646271924594,23.71115651123252,-1,13.949999999999989
37.96817822182927,23.74323283358104,3,10.25
37.9696076,23.7442323,3,-3.6999999999999886
37.9796923,23.7251667,21,0.0
37.9796923,23.7251667,21,0.04999999999999716
37.9796923,23.7251667,21,0.09999999999999432
37.99556,23.73355,17,15.800000000000011
37.9716904,23.7497533,3,-2.8499999999999943
38.000689,23.7274027,6,-11.900000000000006
37.98258,23.73648,12,-1.3499999999999943
37.97592,23.75402,1,3.25
37.9878772,23.7638309,0,-0.5999999999999943
38.0148262,23.7209757,-1,-15.899999999999999
38.000401462596336,23.724740991977324,-1,1.25
37.97715,23.72965,21,-2.5999999999999943
38.00955,23.7356,-1,10.0
37.9805812,23.7233475,21,-39.25
37.97365,23.73433,21,19.30000000000001
37.9980128,23.7200916,-1,-22.849999999999994
37.96513,23.74502,3,42.10000000000002
37.96023,23.73067,-1,-8.150000000000006
37.981967497651766,23.73355092477961,-1,0.4000000000000057
37.992314316141325,23.72648726216279,16,-2.25
37.9841,23.73151,12,9.199999999999989
37.98184,23.73357,-1,12.150000000000006
37.9689562,23.7110476,4,-0.09999999999999432
37.9931987,23.7511834,-1,1.25
37.97708328658288,23.71070955767211,-1,0.15000000000000568
37.9736047,23.7314997,21,-7.050000000000011
37.978173256836186,23.721932085344257,21,-2.25
37.99261,23.76598,0,0.15000000000000568
37.9764972,23.7219842,21,-10.75
37.99065,23.71793,-1,-11.650000000000006
37.9562845,23.7246899,15,-33.900000000000006
37.9562845,23.7246899,15,14.199999999999989
37.96337575038172,23.718609282256875,19,20.900000000000006
37.9670125,23.7250327,19,0.04999999999999716
37.97609059966698,23.71511028650817,5,-18.19999999999999
38.00418050108038,23.73681389098707,6,-2.8500000000000014
37.9816504,23.7259143,21,-1.9000000000000057
37.98097,23.72881,-1,1.9500000000000028
37.986011492982286,23.727279552600223,14,61.4
37.99773276053898,23.771444354206324,-1,13.699999999999989
37.98149,23.73775,12,16.850000000000023
37.959772591404594,23.738638003041075,-1,3.4499999999999886
37.99368,23.72669,-1,-1.75
37.99258326399903,23.728842325508595,16,-8.950000000000003
37.96729,23.74865,3,-4.75
37.9773152,23.7300362,21,3.5999999999999943
37.989850440402506,23.72517580810503,11,-5.650000000000006
37.96032156726281,23.74496821457757,-1,19.0
37.9746202,23.7343296,21,0.30000000000001137
37.9709978,23.7419329,3,-20.69999999999999
37.96844,23.74366,3,11.150000000000006
38.00381,23.7178,-1,12.0
37.997833013733896,23.74025356552881,-1,-1.6499999999999986
37.980048,23.7300482,21,7.099999999999994
38.0177376,23.7306883,-1,6.099999999999994
37.97037075560407,23.74220173805952,3,-0.8000000000000114
37.9779014,23.7253736,21,2.5
37.96485217126608,23.72491553640507,19,5.75
37.9662742,23.7514783,3,1.0999999999999943
37.98513,23.73053,13,30.849999999999994
37.9748789,23.7175353,5,-4.549999999999997
37.95935542657104,23.737368397414684,-1,-11.599999999999994
37.977979081311496,23.72405650740353,21,44.60000000000002
37.97982,23.71476,-1,-15.25
37.9825835,23.717404,18,16.0
37.99730621628844,23.73958117365622,-1,-1.5499999999999972
38.00592,23.7415,-1,-1.0499999999999972
37.9934325,23.7240184,-1,-5.599999999999994
37.98200082163526,23.71534426256262,18,2.5500000000000114
37.97050213732941,23.745889711639403,3,-10.349999999999994
37.98012639029161,23.744029673987075,10,-29.25
37.9871358,23.7276469,14,-3.3999999999999986
37.98522465124195,23.73936667354125,8,-6.150000000000006
37.97722,23.72131,21,-42.55000000000001
37.97888127471596,23.727654092300096,21,-10.600000000000001
37.9650449,23.7231108,19,-3.8499999999999943
37.9776017,23.7370518,-1,44.349999999999994
37.96466,23.73428,9,25.55000000000001
37.9775369,23.7460271,10,115.69999999999999
37.99032,23.73005,14,6.050000000000011
37.95814,23.73447,-1,-27.25
37.9765167,23.7242799,21,-2.9499999999999886
37.95811,23.73603,-1,-4.25
37.9630717,23.7199851,19,1.9500000000000028
37.9824861,23.7287938,-1,28.19999999999999
37.96703,23.72686,19,-2.9000000000000057
38.00087,23.74006,-1,-6.400000000000006
37.99362,23.72552,-1,-4.049999999999997
37.98017290000001,23.7300766,21,-1.8499999999999943
37.9846903,23.727573,-1,6.150000000000006
37.97437,23.71694,5,-4.449999999999989
37.9660726,23.7267551,19,4.550000000000011
37.9990771,23.7309498,-1,0.7999999999999972
37.97547,23.74366,-1,151.4
38.0024781,23.7266529,6,-12.550000000000011
37.96779113946101,23.753386946724344,3,-1.8499999999999943
37.957199,23.7358964,-1,-5.25
37.9648368,23.7416452,3,5.5
37.97614589903017,23.72640102047583,21,-36.64999999999998
37.98457,23.76377,0,0.30000000000001137
37.9858101788624,23.73078402472984,13,24.55000000000001
37.97578597515405,23.730009348314407,21,-0.15000000000000568
37.9804816,23.7120722,-1,123.79999999999995
37.9577488,23.7268908,15,-36.64999999999998
37.979914499848974,23.739477251509022,12,7.850000000000023
37.9838544,23.732817,12,15.900000000000006
37.98296,23.7148,18,47.849999999999994
37.98638,23.74724,-1,6.900000000000006
37.95309983323602,23.72796380065516,-1,5.849999999999994
37.97507454154388,23.73133984232787,21,2.25
37.96917,23.7443693,3,-4.299999999999997
37.9922561,23.7545427,-1,-2.0
37.9857676,23.7356109,-1,-6.599999999999994
38.01237948606055,23.7295226386291,2,12.099999999999994
37.9521711,23.7220746,-1,0.6500000000000057
37.98531,23.7309,13,20.80000000000001
37.97636,23.75273,1,-1.0999999999999943
37.989955243850666,23.72315588465576,11,-7.299999999999997
37.98829070007461,23.76030154413325,0,-7.700000000000003
37.98737,23.73399,7,0.09999999999999432
37.97297,23.74279,3,-6.900000000000006
37.97398,23.73159,21,1.0
37.9630717,23.7199851,19,3.549999999999997
37.98316,23.74223,-1,3.5999999999999943
37.9793564,23.7105512,-1,9.650000000000006
37.98254,23.72075,20,-3.200000000000003
37.9857072,23.7323038,13,15.599999999999994
37.9762589,23.7325586,21,0.9000000000000057
37.9762589,23.7325586,21,1.9499999999999886
37.9627576,23.7221034,19,2.799999999999997
38.00262,23.74085,-1,-16.25
37.9768859,23.7287256,21,13.200000000000003
37.9747919,23.7137733,5,-1.8499999999999943
37.99628179896316,23.72683612544568,16,7.100000000000001
37.9923234,23.7733424,-1,6.75
37.978771172027415,23.74182973193344,12,-38.19999999999999
37.97824,23.70945,-1,-4.299999999999997
37.9648652,23.7227456,19,9.650000000000006
37.9778294,23.7298992,21,-0.5500000000000114
37.9848034,23.7371681,12,-5.199999999999989
37.9948166,23.7295064,16,-10.25
37.96168719425713,23.71965140104294,19,8.650000000000006
37.98560976029316,23.73162439613781,13,49.849999999999994
37.98595186526757,23.731094319087862,13,-48.150000000000006
37.9887185,23.7273237,14,-1.8000000000000114
37.9792272,23.7360191,12,7.699999999999989
37.97441407712326,23.71423887513453,5,-9.349999999999994
37.97771650862611,23.73920757908057,-1,25.850000000000023
37.97727508871223,23.731267765745567,21,1.1500000000000057
37.98926343424513,23.713700249791145,-1,13.900000000000006
37.97702,23.72523,21,67.75
37.9805191,23.7101044,-1,20.849999999999994
37.96781,23.727,19,-17.94999999999999
37.9657483,23.7353117,9,7.699999999999989
37.9642698,23.7414565,3,6.099999999999994
38.02238476556232,23.732249066233635,-1,-5.799999999999997
37.9888221,23.7349989,7,6.349999999999994
38.00423268341204,23.74136622995138,-1,2.8499999999999943
37.97617,23.71611,5,-5.449999999999989
38.002390122210414,23.728773380732747,6,-8.0
37.98578,23.7271,14,16.099999999999994
37.9807216,23.7200988,20,-65.80000000000001
37.96442,23.72572,19,2.950000000000003
37.9867255,23.7203135,11,1.75
37.98134972847205,23.72697850597409,21,6.0
37.96382384402935,23.72851284781169,19,-13.699999999999989
38.0034,23.73453,6,-1.1000000000000014
37.9882326,23.746345,-1,-0.3499999999999943
37.97541032732645,23.753103223278817,1,-5.0
37.9652008,23.7314243,19,-11.700000000000003
37.9841148,23.7619285,0,-3.4499999999999886
37.9753214,23.7163473,5,-4.049999999999997
37.976125564743626,23.727822080254555,21,1.25
37.97741741278009,23.752973953967285,1,-3.5
37.96478387241728,23.727700375020504,19,-8.849999999999994
37.9570318,23.7404393,-1,20.30000000000001
37.98448,23.73467,12,-23.400000000000006
37.9867598,23.7204145,11,0.05000000000001137
37.99703,23.73038,17,1.2999999999999972
37.9874502,23.7402634,-1,-2.049999999999997
37.97054929999999,23.7050278,-1,3.9499999999999886
37.9823853,23.7353218,12,-3.299999999999997
37.98494018286421,23.723044037368023,20,-21.349999999999994
37.97724802268768,23.729806886371097,21,-4.0
37.984365709336224,23.73624600489348,12,-1.4500000000000028
37.9963965,23.7315607,17,-5.200000000000003
37.9789247,23.7286963,21,-2.1500000000000057
37.9789247,23.7286963,21,-2.25
37.9875429,23.7401878,-1,-2.25
37.96514,23.72532,19,16.55000000000001
37.9921121765433,23.76895340346187,-1,-15.75
37.977553408228985,23.745051792749848,10,-1.5
37.96746,23.727143,19,-0.19999999999998863
37.97939,23.74457,10,-0.25
37.993155803106994,23.76477624541191,0,0.20000000000000284
37.9816642,23.7245533,21,23.349999999999994
37.98300678167593,23.72002317799456,20,-1.7000000000000028
37.9535147319967,23.72530564047548,-1,2.450000000000003
37.9769871,23.7450551,10,4.800000000000011
37.9841519,23.7102717,-1,26.099999999999994
37.96562608906928,23.72602685190516,19,-0.75
37.9782427,23.7284144,21,-6.149999999999977
37.95190518701503,23.7224268168211,-1,1.9500000000000028
37.99909,23.77318,-1,28.399999999999977
38.0119079,23.729101,2,3.6500000000000057
37.9706487,23.7419244,3,-8.649999999999977
